Age,BusinessTravel,DailyRate,Department,DistanceFromHome,Education,EducationField,EmployeeCount,EmployeeNumber,EnvironmentSatisfaction,Gender,HourlyRate,JobInvolvement,JobLevel,JobRole,JobSatisfaction,MaritalStatus,MonthlyIncome,MonthlyRate,NumCompaniesWorked,Over18,OverTime,PercentSalaryHike,PerformanceRating,RelationshipSatisfaction,StandardHours,StockOptionLevel,TotalWorkingYears,TrainingTimesLastYear,WorkLifeBalance,YearsAtCompany,YearsInCurrentRole,YearsSinceLastPromotion,YearsWithCurrManager,Attrition
48,2,492,2,16,4,1,1,1557,3,0,96,3,2,7,3,0,6439,13693,8,0,0,14,3,3,80,1,18,2,3,8,7,7,7,0
50,2,1322,1,28,3,1,1,1317,4,0,43,3,4,5,1,1,16880,22422,4,0,1,11,3,2,80,0,25,2,3,3,2,1,2,0
38,2,1495,1,4,2,3,1,1687,4,0,87,3,1,2,3,1,3306,26176,7,0,0,19,3,4,80,1,7,5,2,0,0,0,0,0
30,1,600,0,8,3,0,1,1747,3,0,66,2,1,1,4,0,2180,9732,6,0,0,11,3,3,80,1,6,0,2,4,2,1,2,1
36,1,541,2,3,4,3,1,481,1,1,48,2,3,7,4,1,9699,7246,4,0,0,11,3,1,80,1,16,2,3,13,9,1,12,0
35,2,556,1,23,2,1,1,261,2,1,50,2,2,4,3,1,5916,15497,3,0,1,13,3,1,80,0,8,1,3,1,0,0,1,1
50,1,959,2,1,4,4,1,1113,4,1,81,3,2,7,3,2,4728,17251,3,0,1,14,3,4,80,0,5,4,3,0,0,0,0,1
47,0,666,1,29,,1,1,376,1,1,88,3,3,3,2,1,11849,10268,1,0,1,12,3,4,80,1,10,2,2,10,7,9,9,1
32,2,515,1,1,3,1,1,331,4,1,62,2,1,2,3,2,3730,9571,0,0,1,14,3,4,80,0,4,2,1,3,2,1,2,1
,2,1134,1,16,4,5,1,1001,3,0,37,3,1,2,2,1,2811,12086,9,0,0,14,3,2,80,1,4,2,3,2,2,2,2,0
48,2,1469,1,20,,3,1,945,4,1,51,3,1,6,3,1,2259,5543,4,0,0,17,3,1,80,2,13,2,2,0,0,0,0,0
22,2,1294,1,8,1,3,1,1783,3,0,79,3,1,2,1,1,2398,15999,1,0,1,17,3,3,80,0,1,6,3,1,0,0,0,1
28,2,580,1,27,3,3,1,1622,2,0,39,1,2,4,1,0,4877,20460,0,0,0,21,4,2,80,1,6,5,2,5,3,0,0,0
35,2,1296,1,5,4,5,1,464,3,1,62,3,3,4,2,2,8095,18264,0,0,0,13,3,4,80,0,17,5,3,16,6,0,13,0
48,2,626,1,1,2,1,1,64,1,1,98,2,3,2,3,2,5381,19294,9,0,1,13,3,4,80,0,23,2,3,1,0,0,0,1
40,2,898,0,6,2,6,1,1550,3,1,38,3,4,3,4,2,16437,17381,1,0,1,21,4,4,80,0,21,2,3,21,7,7,7,0
20,2,500,2,2,3,3,1,922,3,0,49,2,1,8,3,2,2044,22052,1,0,0,13,3,4,80,0,2,3,2,2,2,0,2,1
40,2,676,1,9,4,1,1,1534,4,1,86,3,1,2,1,2,2018,21831,3,0,0,14,3,2,80,0,15,3,1,5,4,1,0,1
51,2,1318,2,26,4,2,1,851,1,0,66,3,4,3,3,1,16307,5594,2,0,0,14,3,3,80,1,29,2,2,20,6,4,17,0
25,2,688,1,30,3,3,1,538,1,1,91,3,1,2,1,1,4031,9396,5,0,0,13,3,3,80,1,6,5,3,2,2,0,2,1
58,2,8480,1,23,4,1,1,1308,1,1,88,3,1,6,3,0,2372,26076,1,0,0,12,3,4,80,2,2,3,3,2,2,2,2,0
59,1,1225,2,1,1,6,1,91,1,0,57,2,2,7,3,2,5473,24668,7,0,0,11,3,4,80,0,20,2,2,4,3,1,3,0
55,2,436,2,2,1,6,1,842,3,1,37,3,2,7,4,2,5160,21519,4,0,0,16,3,3,80,0,12,3,2,9,7,7,3,1
23,2,571,1,12,2,4,1,1982,4,1,78,3,1,2,4,2,2647,13672,1,0,0,13,3,3,80,0,5,6,4,5,2,1,4,0
40,2,555,1,2,3,3,1,521,2,0,78,2,2,2,3,1,3448,13436,6,0,0,22,4,2,80,1,20,3,3,1,0,0,0,0
28,2,329,1,24,3,3,1,1604,3,1,51,3,1,2,2,1,2408,7324,1,0,1,17,3,3,80,3,1,3,3,1,1,0,0,1
31,0,325,1,5,3,3,1,2057,2,1,74,3,2,4,1,2,9936,3787,0,0,0,19,3,2,80,0,10,2,3,9,4,1,7,0
19,2,419,2,21,3,4,1,959,4,1,37,2,1,8,2,2,2121,9947,1,0,1,13,3,2,80,0,1,3,4,1,0,0,0,1
28,0,1366,1,24,2,5,1,1082,2,1,72,2,3,0,1,2,8722,12355,1,0,0,12,3,1,80,0,10,2,2,10,7,1,9,1
20,1,871,1,6,3,1,1,137,4,0,66,2,1,2,4,2,2926,19783,1,0,1,18,3,2,80,0,1,5,3,1,0,1,0,1
30,1,448,2,12,4,1,1,648,2,1,74,2,1,8,1,1,2033,14470,1,0,0,18,3,3,80,1,1,2,4,1,0,0,0,1
34,2,1153,1,1,2,3,1,110,1,1,94,3,2,4,2,1,4325,17736,1,0,0,15,3,3,80,0,5,2,3,5,2,1,3,0
47,2,249,2,2,2,2,1,903,3,0,35,3,2,7,4,1,4537,17783,0,0,1,22,4,1,80,1,8,2,3,7,6,7,7,0
33,2,10170,1,25,3,3,1,1108,1,1,55,2,1,6,2,2,2313,2993,4,0,1,20,4,2,80,0,5,0,3,2,2,2,2,1
20,2,1097,1,11,3,3,1,1016,4,0,98,2,1,6,1,2,2600,18275,1,0,1,15,3,1,80,0,1,2,3,1,0,0,0,1
29,2,896,1,18,1,3,1,315,3,1,86,2,1,6,4,2,2389,14961,1,0,1,13,3,3,80,0,4,3,2,4,3,0,1,1
30,2,740,2,1,3,1,1,1562,2,1,64,2,2,7,1,1,9714,5323,1,0,0,11,3,4,80,1,10,4,3,10,8,6,7,1
44,0,111,1,17,3,1,1,1206,4,1,74,1,1,6,3,2,2290,4279,2,0,0,13,3,4,80,0,6,3,3,0,0,0,0,0
41,0,267,2,10,2,1,1,599,4,1,56,3,2,7,4,2,6230,13430,7,0,0,14,3,4,80,0,16,3,3,14,3,1,10,0
40,1,791,1,2,2,3,1,807,3,0,38,4,2,0,2,1,4244,9931,1,0,0,24,4,4,80,1,8,2,3,8,7,3,7,0
27,2,608,1,1,2,1,1,725,3,0,68,3,3,4,1,1,7412,6009,1,0,0,11,3,4,80,0,9,3,3,9,7,0,7,0
37,2,1017,1,1,2,3,1,340,3,0,83,2,1,6,1,1,3920,18697,2,0,0,14,3,1,80,1,17,2,2,3,1,0,2,0
36,2,660,1,15,3,4,1,1052,1,1,81,3,2,2,3,0,4834,7858,7,0,0,14,3,2,80,1,9,3,2,1,0,0,0,1
23,2,310,1,10,1,3,1,784,1,1,79,4,1,6,3,2,3505,19630,1,0,0,18,3,4,80,0,2,3,3,2,2,0,2,0
33,2,465,1,2,2,1,1,328,1,0,39,3,1,2,1,1,2707,21509,7,0,0,20,4,1,80,0,13,3,4,9,7,1,7,1
19,2,489,0,2,2,5,1,566,1,1,52,2,1,1,4,2,2564,18437,1,0,0,12,3,3,80,0,1,3,4,1,0,0,0,1
31,1,1445,1,1,5,1,1,1459,3,0,100,4,3,4,2,2,7446,8931,1,0,0,11,3,1,80,0,10,2,3,10,8,4,7,1
34,1,2340,1,9,4,1,1,1807,4,1,93,3,2,2,1,1,5346,6208,4,0,0,17,3,3,80,1,11,3,2,7,1,0,7,1
36,0,894,1,1,4,3,1,1662,4,0,33,2,2,4,3,1,4374,15411,0,0,0,15,3,3,80,0,4,6,3,3,2,1,2,0
23,2,977,1,10,3,5,1,1592,4,1,45,4,1,6,3,1,2073,12826,2,0,0,16,3,4,80,1,4,2,3,2,2,2,2,0
28,1,1496,2,1,3,5,1,1486,1,1,92,3,1,8,3,1,2909,15747,3,0,0,15,3,4,80,1,5,3,4,3,2,1,2,1
35,1,662,2,18,4,2,1,1380,4,0,67,3,2,7,3,1,4614,23288,0,0,1,18,3,3,80,1,5,0,2,4,2,3,2,1
18,0,287,1,5,2,1,1,1012,2,1,73,3,1,6,4,2,1051,13493,1,0,0,15,3,4,80,0,0,2,3,0,0,0,0,0
45,2,1449,2,2,3,2,1,1277,1,0,94,1,5,3,2,2,18824,2493,2,0,1,16,3,1,80,0,26,2,3,24,10,1,11,1
29,2,942,1,15,1,1,1,1202,2,0,69,1,1,6,4,1,2168,26933,0,0,1,18,3,1,80,1,6,2,2,5,4,1,3,0
31,1,667,2,1,4,1,1,1427,2,0,50,1,1,8,3,2,1359,16154,1,0,0,12,3,2,80,0,1,3,3,1,0,0,0,1
19,0,504,1,10,3,3,1,1248,1,0,96,2,1,6,2,2,1859,6148,1,0,1,25,4,2,80,0,1,2,4,1,1,0,0,1
25,2,977,1,2,1,4,1,1992,4,1,57,3,1,2,3,0,3977,7298,6,0,1,19,3,3,80,1,7,2,2,2,2,0,2,0
26,2,1357,1,25,3,1,1,55,1,1,48,1,1,2,3,2,2293,10558,1,0,0,12,3,3,80,0,1,2,2,1,0,0,1,1
23,1,638,2,9,3,2,1,2023,4,1,33,3,1,8,1,1,1790,26956,1,0,0,19,3,1,80,1,1,3,2,1,0,1,0,1
40,2,299,2,25,4,2,1,1318,4,1,57,2,3,7,2,2,9094,17235,2,0,1,12,3,3,80,0,9,2,3,5,4,1,0,1
26,1,575,1,3,1,5,1,510,3,1,73,3,1,6,1,2,3102,6582,0,0,0,22,4,3,80,0,7,2,3,6,4,0,4,1
29,2,136,1,1,3,1,1,1954,1,1,89,3,2,0,1,1,5373,6225,0,0,0,12,3,1,80,1,6,5,2,5,3,0,2,0
41,2,1356,2,20,2,2,1,248,2,0,70,3,1,8,2,2,3140,21728,1,0,1,22,4,4,80,0,4,5,2,4,3,0,2,1
42,0,495,1,2,1,1,1,1334,3,1,37,3,4,3,3,1,17861,26582,0,0,1,13,3,4,80,0,21,3,2,20,8,2,10,0
58,1,781,1,2,1,1,1,918,4,1,57,2,1,2,4,0,2380,13384,9,0,1,14,3,4,80,1,3,3,2,1,0,0,0,1
29,2,992,1,1,3,5,1,300,3,1,85,3,1,6,3,2,2058,19757,0,0,0,14,3,4,80,0,7,1,2,6,2,1,5,1
28,2,1404,1,17,3,5,1,1960,3,1,32,2,1,2,4,0,2367,18779,5,0,0,12,3,1,80,1,6,2,2,4,1,0,3,1
52,2,1030,2,50,3,1,1,1319,2,1,64,3,3,7,2,2,8446,21534,9,0,1,19,3,3,80,0,10,2,2,8,7,7,7,1
30,1,1312,1,23,3,1,1,159,1,1,96,1,1,6,3,0,2613,22310,1,0,0,25,4,3,80,3,10,2,2,10,7,0,9,0
38,2,322,2,7,2,3,1,382,1,0,44,4,2,7,1,0,5605,19191,1,0,1,24,4,3,80,1,8,3,3,8,0,7,7,0
29,2,694,1,1,3,1,1,1264,4,0,87,2,4,5,4,0,16124,3423,3,0,0,14,3,2,80,2,9,2,2,7,7,1,7,0
50,2,813,1,17,5,1,1,1656,4,0,50,2,3,5,1,0,13269,21981,5,0,0,15,3,3,80,3,19,3,3,14,11,1,11,0
58,2,605,2,21,3,1,1,1938,4,0,72,3,4,3,4,1,17875,11761,4,0,1,13,3,3,80,1,29,2,2,1,0,0,0,0
52,2,723,1,8,4,3,1,433,3,1,85,2,2,6,2,1,4941,17747,2,0,0,15,3,1,80,0,11,3,2,8,2,7,7,1
27,2,1420,2,2,1,2,1,667,3,1,85,3,1,8,1,0,3041,16346,0,0,0,11,3,2,80,1,5,3,3,4,3,0,2,1
44,2,921,1,2,3,1,1,1703,3,0,96,4,3,0,4,1,7879,14810,1,0,1,19,3,2,80,1,9,2,3,8,7,6,7,0
30,2,202,2,2,1,5,1,508,3,1,72,3,1,8,2,1,2476,17434,1,0,0,18,3,1,80,1,1,3,3,1,0,0,0,0
24,2,1448,2,1,1,5,1,554,1,0,62,3,1,8,2,2,3202,21972,1,0,1,16,3,2,80,0,6,4,3,5,3,1,4,1
34,0,1362,2,190,3,2,1,502,1,1,67,4,2,7,4,2,5304,4652,8,0,1,13,3,2,80,0,9,3,2,5,2,0,4,1
53,2,970,1,7,3,1,1,730,3,1,59,4,4,5,3,1,14814,13514,3,0,0,19,3,3,80,0,32,3,3,5,1,1,3,0
40,2,1308,1,14,3,3,1,1128,3,1,44,2,5,5,3,2,19626,17544,1,0,0,14,3,1,80,0,21,2,4,20,7,4,9,0
53,2,607,1,2,5,5,1,1572,3,0,78,2,3,4,4,1,10169,14618,0,0,0,16,3,2,80,1,34,4,3,33,7,1,9,1
35,2,670,1,100,4,3,1,1587,1,0,51,3,2,0,3,2,6142,4223,3,0,1,16,3,3,80,0,10,4,3,5,2,0,4,0
47,0,543,2,2,4,2,1,1731,3,1,87,3,2,7,2,1,4978,3536,7,0,0,11,3,4,80,1,4,3,1,1,0,0,0,0
40,2,1329,1,7,3,1,1,1649,1,1,73,3,1,2,1,2,2166,3339,3,0,1,14,3,2,80,0,10,3,1,4,2,0,3,1
33,2,461,1,13,1,1,1,995,2,0,53,3,1,6,4,2,3452,17241,3,0,0,18,3,1,80,0,5,4,3,3,2,0,2,0
32,1,967,2,8,3,2,1,207,2,0,43,3,3,7,4,2,8998,15589,1,0,0,14,3,4,80,0,9,2,3,9,8,3,7,0
28,2,1157,1,2,4,3,1,440,1,1,84,1,1,6,4,1,3464,24737,5,0,1,13,3,4,80,0,5,4,2,3,2,2,2,1
32,2,1033,1,9,3,3,1,190,1,0,41,3,1,2,1,2,4200,10224,7,0,0,22,4,1,80,0,10,2,4,5,4,0,4,1
44,1,429,1,1,2,3,1,1792,3,1,99,3,1,6,2,0,2342,11092,1,0,1,12,3,3,80,3,6,2,2,5,3,2,3,1
35,1,130,1,25,4,1,1,881,4,0,96,3,1,6,2,0,2022,16612,1,0,1,19,3,1,80,1,10,3,2,10,2,7,8,1
36,2,1218,2,9,4,1,1,27,3,1,82,2,1,8,1,2,3407,6986,7,0,0,23,4,2,80,0,10,4,3,5,3,0,3,1
32,0,953,1,5,4,5,1,1764,2,1,65,3,1,6,2,2,2718,17674,2,0,0,14,3,2,80,0,12,3,3,7,7,0,7,0
56,2,1162,1,24,2,1,1,1907,1,1,97,3,1,2,4,2,2587,10261,1,0,0,16,3,4,80,0,5,3,3,4,2,1,0,1
21,2,337,2,7,1,2,1,1780,2,1,31,3,1,8,2,2,2679,4567,1,0,0,13,3,2,80,0,1,3,3,1,0,1,0,1
36,2,311,1,7,3,1,1,1659,1,1,77,3,1,2,2,2,2013,10950,2,0,0,11,3,3,80,0,15,4,3,4,3,1,3,0
27,0,691,1,9,3,3,1,218,4,1,57,3,1,6,2,0,2024,5970,6,0,0,18,3,4,80,1,6,1,1,2,2,2,2,0
37,2,1189,2,30,3,1,1,152,3,1,87,3,3,7,4,2,7428,14506,2,0,0,12,3,1,80,0,12,3,3,5,3,1,3,0
30,1,1090,1,5,3,3,1,1017,2,0,60,3,1,2,2,2,2422,25725,0,0,0,17,3,1,80,0,4,3,3,3,2,1,2,1
39,1,945,1,22,3,3,1,1043,4,0,82,3,3,4,1,2,10880,5083,1,0,1,13,3,3,80,0,21,2,3,21,6,2,8,0
29,2,441,1,8,1,4,1,1544,3,0,39,1,2,0,1,1,9715,7288,3,0,0,13,3,3,80,1,9,3,3,7,7,0,7,0
33,2,392,2,2,4,3,1,1670,4,1,93,3,2,7,4,0,5505,3921,1,0,0,14,3,3,80,2,6,5,3,6,2,0,4,0
22,1,1256,1,3,4,1,1,1203,3,1,48,2,1,6,4,1,2853,4223,0,0,1,11,3,2,80,1,1,5,3,0,0,0,0,1
28,2,1485,1,12,1,1,1,1175,3,0,79,3,1,2,4,1,2515,22955,1,0,1,11,3,4,80,0,1,4,2,1,1,0,0,1
23,2,507,1,20,1,1,1,1533,1,1,97,3,2,2,3,2,2272,24812,0,0,0,14,3,2,80,0,5,2,3,4,3,1,2,0
50,0,881,1,2,4,1,1,905,1,1,98,3,4,3,1,0,17924,4544,1,0,0,11,3,4,80,1,31,3,3,31,6,14,7,0
37,2,1141,1,11,2,3,1,1033,1,0,61,1,2,0,2,1,4777,14382,5,0,0,15,3,1,80,0,15,2,1,1,0,0,0,1
52,2,1325,1,11,4,1,1,813,4,0,82,3,2,2,3,1,3149,21821,8,0,0,20,4,2,80,1,9,3,3,5,2,1,4,0
31,1,561,1,3,3,1,1,1537,4,0,33,3,1,6,3,2,4084,4156,1,0,0,12,3,1,80,0,7,2,1,7,2,7,7,1
19,1,602,2,1,1,5,1,235,3,0,100,1,1,8,1,2,2325,20989,0,0,0,21,4,1,80,0,1,5,4,0,0,0,0,1
42,2,201,1,1,4,1,1,517,2,0,95,3,1,2,1,0,2576,20490,3,0,0,16,3,2,80,1,8,5,3,5,2,1,2,0
54,2,821,1,5,2,3,1,522,1,1,86,3,5,5,1,1,19406,8509,4,0,0,11,3,3,80,1,24,4,2,4,2,1,2,0
39,2,895,2,5,3,5,1,42,4,1,56,3,2,8,4,1,2086,3335,3,0,0,14,3,3,80,1,19,6,4,1,0,0,0,1
39,2,11220,1,6,3,3,1,932,4,1,70,3,1,2,1,1,2404,4303,7,0,1,21,4,4,80,0,8,2,1,2,2,2,2,1
32,1,1316,1,2,2,1,1,1235,4,0,38,3,2,6,3,2,4998,2338,4,0,1,14,3,4,80,0,10,2,3,8,7,0,7,0
49,2,1184,2,11,3,2,1,840,3,0,43,3,3,7,4,1,7654,5860,1,0,0,18,3,1,80,2,9,3,4,9,8,7,7,1
35,1,1182,2,11,2,2,1,1137,4,1,54,3,2,7,4,0,4968,18500,1,0,0,11,3,4,80,1,5,3,3,5,2,0,2,0
32,1,379,2,5,2,1,1,889,2,1,48,3,2,7,2,1,6524,8891,1,0,0,14,3,4,80,1,10,3,3,10,8,5,3,0
40,2,616,1,2,2,1,1,1802,3,0,99,3,1,2,1,1,3377,25605,4,0,0,17,3,4,80,1,7,5,2,4,3,0,2,0
41,2,1085,1,2,4,1,1,927,2,0,57,1,1,2,4,0,2778,17725,4,0,1,13,3,3,80,1,10,1,2,7,7,1,0,1
26,2,1449,1,16,4,3,1,394,1,1,45,3,1,2,2,0,2373,14180,2,0,1,13,3,4,80,1,5,2,3,3,2,0,2,1
42,2,1396,1,6,3,3,1,1911,3,1,83,3,3,5,1,1,13348,14842,9,0,0,13,3,2,80,1,18,3,4,13,7,5,7,0
24,2,813,1,1,3,3,1,45,2,1,61,3,1,6,4,1,2293,3020,2,0,1,16,3,1,80,1,6,2,2,2,0,2,0,1
38,2,10090,2,2,2,1,1,1355,2,0,31,3,2,7,1,0,6893,19461,3,0,0,15,3,4,80,1,11,3,3,7,7,1,7,0
39,0,592,1,2,3,1,1,1458,1,0,54,2,1,2,1,2,3646,17181,2,0,1,23,4,2,80,0,11,2,4,1,0,0,0,1
31,1,754,2,26,4,2,1,1967,1,1,63,3,2,7,4,1,5617,21075,1,0,1,11,3,3,80,0,10,4,3,10,7,0,8,1
44,2,661,1,90,2,1,1,913,2,1,61,3,1,6,1,1,2559,7508,1,0,1,13,3,4,80,0,8,0,3,8,7,7,1,0
47,0,1169,1,14,4,5,1,1934,3,1,64,3,2,6,2,1,5467,2125,8,0,0,18,3,3,80,1,16,4,4,8,7,1,7,0
58,2,286,1,2,4,1,1,825,4,1,31,3,5,5,2,2,19246,25761,7,0,1,12,3,4,80,0,40,2,3,31,15,13,8,1
34,1,135,1,19,3,3,1,1285,3,0,46,3,2,2,2,0,4444,22534,4,0,0,13,3,3,80,2,15,2,4,11,8,5,10,0
28,2,654,1,1,2,1,1,741,1,0,67,1,1,6,2,2,2216,3872,7,0,1,13,3,4,80,0,10,4,3,7,7,3,7,1
44,2,1448,2,28,3,3,1,1039,4,0,53,4,4,7,4,1,13320,11737,3,0,1,18,3,3,80,1,23,2,3,12,11,11,11,0
29,2,121,2,27,3,2,1,283,2,0,35,3,3,7,4,1,7639,24525,1,0,0,22,4,4,80,3,10,3,2,10,4,1,9,1
51,2,6320,2,21,4,2,1,120,3,1,71,3,2,7,4,2,5441,8423,0,0,1,22,4,4,80,0,11,2,1,10,7,1,0,0
29,1,337,1,14,1,4,1,1421,3,0,84,3,3,0,4,2,7553,22930,0,0,1,12,3,1,80,0,9,1,3,8,7,7,7,1
44,2,1467,1,20,3,1,1,1475,4,1,49,3,1,6,2,2,3420,21158,1,0,0,13,3,3,80,0,6,3,2,5,2,1,3,0
29,2,224,1,1,4,5,1,1522,1,1,100,2,1,6,1,2,2362,7568,6,0,0,13,3,3,80,0,11,2,1,9,7,0,7,1
49,2,1495,1,5,4,5,1,1473,1,1,96,3,2,0,3,1,6651,21534,2,0,0,14,3,2,80,1,20,0,2,3,2,1,2,0
56,2,441,1,14,4,1,1,161,2,0,72,3,1,6,2,1,4963,4510,9,0,1,18,3,1,80,3,7,2,3,5,4,4,3,1
49,1,636,1,10,4,1,1,396,3,0,35,3,5,5,1,2,18665,25594,9,0,1,11,3,4,80,0,22,4,3,3,2,1,2,0
50,2,989,1,7,2,3,1,80,2,0,43,2,5,5,3,0,18740,16701,5,0,1,12,3,4,80,1,29,2,2,27,3,13,8,0
35,2,763,2,15,2,3,1,1645,1,1,59,1,2,7,4,0,5440,22098,6,0,1,14,3,4,80,2,7,2,2,2,2,2,2,1
58,2,289,1,2,3,5,1,977,4,1,51,3,1,6,3,2,2479,26227,4,0,0,24,4,1,80,0,7,4,3,1,0,0,0,1
35,2,1142,1,23,4,3,1,75,3,0,30,3,1,2,1,1,4014,16002,3,0,1,15,3,3,80,1,4,3,3,2,2,2,2,0
32,1,1125,1,160,1,1,1,33,2,0,72,1,1,6,1,2,3919,4681,1,0,1,22,4,2,80,0,10,5,3,10,2,6,7,1
47,1,719,2,27,2,1,1,785,2,0,77,4,2,7,3,2,6397,10339,4,0,1,12,3,4,80,0,8,2,3,5,4,1,3,1
31,1,703,2,2,3,1,1,1379,3,0,90,2,1,8,4,2,2785,11882,7,0,0,14,3,3,80,0,3,3,4,1,0,0,0,1
32,2,1259,1,20,4,1,1,1692,4,1,95,3,1,2,2,2,1393,24852,1,0,0,12,3,1,80,0,1,2,3,1,0,0,0,1
44,2,528,0,1,3,1,1,1683,3,0,44,3,1,1,4,0,3195,4167,4,0,1,18,3,1,80,3,8,2,3,2,2,2,2,0
36,2,1278,0,8,3,1,1,878,1,1,77,2,1,1,1,1,2342,8635,0,0,0,21,4,3,80,0,6,3,3,5,4,0,3,0
52,0,771,2,2,4,1,1,329,1,1,79,2,5,3,3,2,19068,21030,1,0,1,18,3,4,80,0,33,2,4,33,7,15,12,0
20,2,129,1,4,3,5,1,960,1,1,84,3,1,2,1,2,2973,13008,1,0,0,19,3,2,80,0,1,2,3,1,0,0,0,1
36,2,1223,1,8,3,5,1,83,3,0,59,3,3,0,3,0,10096,8202,1,0,0,13,3,2,80,3,17,2,3,17,14,12,8,0
40,0,1479,2,24,3,1,1,986,2,0,100,4,4,7,2,2,13194,17071,4,0,1,16,3,4,80,0,22,2,2,1,0,0,0,1
46,2,261,1,21,2,3,1,1821,4,0,66,3,2,0,2,1,8926,10842,4,0,0,22,4,4,80,1,13,2,4,9,7,3,7,1
45,2,1339,1,7,3,1,1,86,2,1,59,3,3,6,1,0,9724,18787,2,0,0,17,3,3,80,1,25,2,3,1,0,0,0,0
37,2,1462,1,11,3,3,1,1411,1,0,94,3,1,2,3,2,3629,19106,4,0,0,18,3,1,80,0,8,6,3,3,2,0,2,0
39,1,203,1,2,3,1,1,1127,1,1,84,3,4,0,4,0,12169,13547,7,0,0,11,3,4,80,3,21,4,3,18,7,11,5,1
26,2,920,0,20,2,3,1,1818,4,0,69,3,1,1,2,1,2148,6889,0,0,1,11,3,3,80,0,6,3,3,5,1,1,4,1
34,1,988,0,23,3,0,1,590,2,0,43,3,3,1,1,0,9950,11533,9,0,1,15,3,3,80,3,11,2,3,3,2,0,2,1
34,2,1111,2,8,2,1,1,808,3,0,93,3,2,7,1,1,6500,13305,5,0,0,17,3,2,80,1,6,1,3,3,2,1,2,0
31,1,874,1,15,3,3,1,1160,3,1,72,3,1,2,3,1,2610,6233,1,0,0,12,3,3,80,1,2,5,2,2,2,2,2,1
29,2,318,1,80,4,4,1,454,2,1,77,1,1,2,1,1,2119,4759,1,0,1,11,3,4,80,0,7,4,2,7,7,0,7,1
33,2,654,1,5,3,1,1,1099,4,1,34,2,3,0,4,0,7119,21214,4,0,0,15,3,3,80,1,9,2,3,3,2,1,2,0
38,1,888,0,10,4,0,1,1563,3,1,71,3,2,1,3,1,6077,14814,3,0,0,11,3,3,80,0,10,2,3,6,3,1,2,0
35,2,303,2,27,3,1,1,1797,3,1,84,3,2,7,4,2,5813,13492,1,0,1,18,3,4,80,0,10,2,3,10,7,7,7,1
45,1,1199,1,7,4,1,1,341,1,1,77,4,2,4,3,1,6434,5118,4,0,0,17,3,4,80,1,9,1,3,3,2,0,2,0
31,2,1003,2,5,3,5,1,1749,1,1,51,3,2,7,3,1,8346,20943,1,0,0,19,3,3,80,1,6,3,3,5,2,0,2,0
55,2,267,2,13,4,2,1,1372,1,1,85,4,4,7,3,2,13695,9277,6,0,1,17,3,3,80,0,24,2,2,19,7,3,8,1
34,0,967,1,16,4,5,1,1905,4,1,85,1,1,6,1,1,2307,14460,1,0,1,23,4,2,80,1,5,2,3,5,2,3,0,1
29,2,428,2,9,3,2,1,1752,2,0,52,1,1,8,2,2,2760,14630,1,0,0,13,3,3,80,0,2,3,3,2,2,2,2,1
30,1,334,2,26,4,2,1,299,3,0,52,2,2,7,1,2,6696,22967,5,0,0,15,3,3,80,0,9,5,2,6,3,0,1,1
42,2,622,1,2,4,1,1,659,3,0,81,3,2,0,4,1,4089,5718,1,0,0,13,3,2,80,2,10,4,3,10,2,2,2,0
45,1,306,2,26,4,1,1,684,1,0,100,3,2,7,1,1,4286,5630,2,0,0,14,3,4,80,2,5,4,3,1,1,0,0,1
29,2,341,2,1,3,3,1,896,2,0,48,2,1,8,3,0,2800,23522,6,0,1,19,3,3,80,3,5,3,3,3,2,0,2,1
22,2,3910,1,7,1,1,1,1878,4,1,75,3,1,6,2,2,2472,26092,1,0,1,23,4,1,80,0,1,2,3,1,0,0,0,1
29,1,115,2,13,3,5,1,1487,1,0,51,3,2,7,2,2,5765,17485,5,0,0,11,3,1,80,0,7,4,1,5,3,0,0,1
32,2,588,2,8,2,5,1,436,3,0,65,2,2,7,2,1,5228,24624,1,0,1,11,3,4,80,0,13,2,3,13,12,11,9,0
58,2,601,1,70,4,3,1,1360,3,0,53,2,3,4,1,1,10008,12023,7,0,1,14,3,4,80,0,31,0,2,10,9,5,9,1
38,2,437,2,16,3,1,1,1583,2,0,90,3,2,7,2,2,4198,16379,2,0,0,12,3,2,80,0,8,5,4,3,2,1,2,0
37,1,504,1,10,3,3,1,342,1,1,61,3,3,4,3,0,10048,22573,6,0,0,11,3,2,80,2,17,5,3,1,0,0,0,1
24,2,693,2,3,2,1,1,720,1,0,65,3,2,7,3,2,4577,24785,9,0,0,14,3,1,80,0,4,3,3,2,2,2,0,1
36,1,607,2,7,3,2,1,1362,1,0,83,4,2,7,1,1,4639,2261,2,0,0,16,3,4,80,1,17,2,2,15,7,6,13,0
25,2,383,2,9,2,1,1,1439,1,1,68,2,1,8,1,1,4400,15182,3,0,0,12,3,1,80,0,6,2,3,3,2,2,2,1
35,1,880,2,12,4,4,1,1667,4,1,36,3,2,7,4,2,4581,10414,3,0,1,24,4,1,80,0,13,2,4,11,9,6,7,1
53,2,1168,2,24,4,1,1,1968,1,1,66,3,3,7,1,2,10448,5843,6,0,1,13,3,2,80,0,15,2,2,2,2,2,2,1
38,2,1180,1,29,1,3,1,282,2,1,70,3,2,0,1,1,6673,11354,7,0,1,19,3,2,80,0,17,2,3,1,0,0,0,1
34,1,658,1,7,3,1,1,147,1,1,66,1,2,2,3,2,6074,22887,1,0,1,24,4,4,80,0,9,3,3,9,7,0,6,1
28,2,11170,1,8,2,1,1,395,4,0,66,3,1,6,4,2,3310,4488,1,0,0,21,4,4,80,0,5,3,3,5,3,0,2,0
42,2,810,1,23,5,1,1,468,1,0,44,3,4,5,4,2,15992,15901,2,0,0,14,3,2,80,0,16,2,3,1,0,0,0,0
30,0,1398,2,22,4,4,1,567,3,0,69,3,3,7,1,1,8412,2890,0,0,0,11,3,3,80,0,10,3,3,9,8,7,8,0
51,2,1323,1,4,4,1,1,1081,1,1,34,3,1,6,3,1,2461,10332,9,0,1,12,3,3,80,3,18,2,4,10,0,2,7,1
21,2,1427,1,18,1,4,1,923,4,0,65,3,1,6,4,2,2693,8870,1,0,0,19,3,1,80,0,1,3,2,1,0,0,0,1
23,2,1243,1,6,3,1,1,811,3,1,63,4,1,2,1,1,1601,3445,1,0,1,21,4,3,80,2,1,2,3,0,0,0,0,1
50,0,145,2,1,3,1,1,1040,4,0,95,3,2,7,3,1,6347,24920,0,0,0,12,3,1,80,1,19,3,3,18,7,0,13,0
34,2,665,1,6,4,4,1,138,1,0,41,3,2,6,3,2,4809,12482,1,0,0,14,3,3,80,0,16,3,3,16,13,2,10,0
34,1,6530,1,10,4,5,1,1597,4,1,92,2,2,0,3,1,5063,15332,1,0,0,14,3,2,80,1,8,3,2,8,2,7,7,0
28,2,895,1,15,2,1,1,1102,1,1,50,3,1,2,3,0,2207,22482,1,0,0,16,3,4,80,1,4,5,2,4,2,2,2,0
32,0,1474,2,11,4,4,1,631,4,1,60,4,2,7,3,1,4707,23914,8,0,0,12,3,4,80,0,6,2,3,4,2,1,2,1
43,1,957,1,28,3,3,1,171,2,0,72,4,1,6,3,2,4739,16090,4,0,0,12,3,4,80,0,18,2,3,3,2,1,2,0
31,1,307,1,29,2,3,1,355,3,1,71,2,1,2,2,2,3479,11652,0,0,0,11,3,2,80,0,6,2,4,5,4,1,4,1
37,2,807,0,6,4,0,1,133,3,1,63,3,1,1,1,0,2073,23648,4,0,1,22,4,4,80,0,7,3,3,3,2,0,2,1
31,2,1079,2,16,4,2,1,1761,1,1,70,3,3,7,3,1,8161,19002,2,0,0,13,3,1,80,3,10,2,3,1,0,0,0,1
52,2,266,2,2,1,2,1,1038,1,0,57,1,5,3,4,1,19845,25846,1,0,0,15,3,4,80,1,33,3,3,32,14,6,9,1
31,0,335,1,9,2,3,1,991,3,1,46,2,1,6,1,2,2321,10322,0,0,1,22,4,1,80,0,4,0,3,3,2,1,2,1
41,2,1102,2,1,2,1,1,1,2,0,94,3,2,7,4,2,5993,19479,8,0,1,11,3,1,80,0,8,0,1,6,4,0,5,1
58,2,147,1,23,4,3,1,165,4,0,94,3,3,0,4,1,10312,3465,1,0,0,12,3,4,80,1,40,3,2,40,10,15,6,1
32,1,238,1,50,2,1,1,1939,1,0,47,4,1,6,3,2,2432,15318,3,0,1,14,3,1,80,0,8,2,3,4,1,0,3,1
33,1,827,1,29,4,3,1,1101,1,0,54,2,2,6,3,2,4508,3129,1,0,0,22,4,2,80,0,14,4,3,13,7,3,8,1
26,0,265,2,29,2,3,1,1037,2,1,79,1,2,7,1,2,4969,21813,8,0,0,18,3,4,80,0,7,6,3,2,2,2,2,1
37,0,728,1,1,4,3,1,380,1,0,80,3,3,5,4,0,13603,11677,2,0,1,18,3,1,80,2,15,2,3,5,2,0,2,0
36,2,1383,1,10,3,1,1,1790,4,1,90,3,3,0,1,1,8321,25949,7,0,1,13,3,4,80,1,15,1,3,12,8,5,7,0
42,2,544,0,2,1,5,1,470,3,1,52,3,1,1,3,0,2696,24017,0,0,1,11,3,3,80,1,4,5,3,3,2,1,0,0
44,1,920,1,24,3,1,1,392,4,1,43,3,1,2,3,0,3161,19920,3,0,1,22,4,4,80,1,19,0,1,1,0,0,0,1
26,1,426,0,17,4,1,1,608,2,0,58,3,1,1,3,0,2741,22808,0,0,1,11,3,2,80,1,8,2,2,7,7,1,0,1
43,1,807,1,17,3,5,1,1767,3,1,38,2,1,6,3,1,2437,15587,9,0,1,16,3,4,80,1,6,4,3,1,0,0,0,1
43,0,1344,1,7,3,3,1,262,4,1,37,4,1,6,4,0,2089,5228,4,0,0,14,3,4,80,3,7,3,4,5,4,2,2,0
30,2,138,1,22,3,1,1,1004,1,0,48,3,1,6,3,1,2132,11539,4,0,1,11,3,2,80,0,7,2,3,5,2,0,1,1
46,2,1450,1,15,2,1,1,1217,4,1,52,3,5,5,2,1,19081,10849,5,0,0,11,3,1,80,1,25,2,3,4,2,0,3,0
39,2,360,1,23,3,3,1,1310,3,1,93,3,1,6,1,2,3904,22154,0,0,0,13,3,1,80,0,6,2,3,5,2,0,3,1
50,2,410,2,28,3,2,1,2055,4,1,39,2,3,7,1,0,10854,16586,4,0,1,13,3,2,80,1,20,3,3,3,2,2,0,1
45,1,364,1,25,3,3,1,1306,2,0,83,3,5,3,2,2,18061,13035,3,0,0,22,4,3,80,0,22,4,3,0,0,0,0,0
34,2,699,1,6,1,3,1,31,2,1,83,3,1,6,1,2,2960,17102,2,0,0,11,3,3,80,0,8,2,3,4,2,1,3,1
41,0,9060,1,5,2,1,1,1210,1,1,95,2,1,6,1,0,2107,20293,6,0,0,17,3,1,80,1,5,2,1,1,0,0,0,1
35,2,622,1,140,4,4,1,1010,3,1,39,2,1,2,2,0,3743,10074,1,0,1,24,4,4,80,1,5,2,1,4,2,0,2,1
50,1,878,2,1,4,1,1,2044,2,1,94,3,2,7,3,0,6728,14255,7,0,0,12,3,4,80,2,12,3,3,6,3,0,1,1
41,2,1360,1,12,3,5,1,58,2,0,49,3,5,5,3,1,19545,16280,1,0,0,12,3,4,80,0,23,0,3,22,15,15,8,1
37,2,674,1,13,3,3,1,1543,1,1,47,3,2,6,4,1,4285,3031,1,0,0,17,3,1,80,0,10,2,3,10,8,3,7,0
32,1,116,1,130,3,4,1,1234,3,0,77,2,1,2,2,1,2743,7331,1,0,0,20,4,3,80,1,2,2,3,2,2,2,2,0
32,2,234,2,1,4,3,1,2013,2,1,68,2,1,8,2,1,2269,18024,0,0,0,14,3,2,80,1,3,2,3,2,2,2,2,0
42,2,1265,1,3,3,1,1,894,3,0,95,4,2,2,4,1,5231,23726,2,0,1,13,3,2,80,1,17,1,2,5,3,1,3,0
21,0,895,2,9,2,3,1,484,1,1,39,3,1,8,4,2,2610,2851,1,0,0,24,4,3,80,0,3,3,2,3,2,2,2,0
46,1,638,1,1,3,3,1,124,3,1,40,2,3,0,1,1,10673,3142,2,0,1,13,3,3,80,1,21,5,2,10,9,9,5,0
31,2,616,1,12,3,3,1,961,4,0,41,3,2,0,4,1,5855,17369,0,0,1,11,3,3,80,2,10,2,1,9,7,8,5,0
35,2,817,1,1,3,3,1,1369,4,0,60,2,2,2,4,1,5363,10846,0,0,0,12,3,2,80,1,10,0,3,9,7,0,0,0
35,2,1224,2,7,4,1,1,1962,3,0,55,3,2,7,4,1,5204,13586,1,0,1,11,3,4,80,0,10,2,3,10,8,0,9,0
22,2,1230,1,1,2,1,1,872,4,1,33,2,2,4,4,1,4775,19146,6,0,0,22,4,1,80,2,4,2,1,2,2,2,2,0
36,2,1396,1,5,2,1,1,304,4,1,62,3,2,2,2,2,5914,9945,8,0,0,16,3,4,80,0,16,3,4,13,11,3,7,0
26,1,342,1,2,3,1,1,1053,1,1,57,3,1,6,1,1,2042,15346,6,0,1,14,3,2,80,1,6,2,3,3,2,1,2,1
24,1,381,1,9,3,3,1,1494,2,1,89,3,1,2,1,2,3172,16998,2,0,1,11,3,3,80,0,4,2,2,0,0,0,0,1
33,2,350,2,5,3,2,1,485,4,0,34,3,1,8,3,2,2851,9150,1,0,1,13,3,2,80,0,1,2,3,1,0,0,0,1
37,2,482,1,3,3,4,1,689,3,1,36,3,3,4,3,1,9434,9606,1,0,0,15,3,3,80,1,10,2,3,10,7,7,8,0
32,2,1045,2,4,4,3,1,291,4,1,32,1,3,7,4,1,10400,25812,1,0,0,11,3,3,80,0,14,2,2,14,8,9,8,1
50,1,562,2,8,2,5,1,723,2,1,50,3,2,7,3,1,6796,23452,3,0,1,14,3,1,80,1,18,4,3,4,3,1,3,1
31,2,1082,1,1,4,3,1,95,3,1,87,3,1,6,2,2,2501,18775,1,0,0,17,3,2,80,0,1,4,3,1,1,1,0,0
31,1,534,1,200,3,1,1,587,1,1,66,3,3,0,3,1,9824,22908,3,0,0,12,3,1,80,0,12,2,3,1,0,0,0,1
25,1,599,2,24,1,1,1,1273,3,1,73,1,1,8,4,2,1118,8040,1,0,1,14,3,4,80,0,1,4,3,1,0,1,0,1
35,2,1204,2,4,3,5,1,1100,4,1,86,3,3,7,1,2,9582,10333,0,0,1,22,4,1,80,0,9,2,3,8,7,4,7,1
36,2,530,2,3,1,1,1,967,3,1,51,2,3,7,4,1,10325,5518,1,0,1,11,3,1,80,1,16,6,3,16,7,3,7,1
29,2,991,2,5,3,3,1,1669,1,1,43,2,2,7,2,0,4187,3356,1,0,1,13,3,2,80,1,10,3,2,10,0,0,9,0
31,2,542,2,20,3,1,1,175,2,0,71,1,2,7,3,1,4559,24788,3,0,1,11,3,3,80,1,4,2,3,2,2,2,2,1
25,2,949,1,1,3,5,1,1415,1,1,81,3,1,2,4,1,3229,4910,4,0,0,11,3,2,80,1,7,2,2,3,2,0,2,0
25,2,1219,1,4,1,5,1,1106,4,1,32,3,1,2,4,1,3691,4605,1,0,1,15,3,2,80,1,7,3,4,7,7,5,6,1
39,0,792,1,1,3,1,1,1737,4,1,77,3,2,2,4,1,6472,8989,1,0,1,15,3,4,80,1,9,2,3,9,8,5,8,0
36,2,913,1,9,2,3,1,699,2,1,48,2,2,4,2,0,8847,13934,2,0,1,11,3,3,80,1,13,2,3,3,2,0,2,0
37,2,1373,1,2,2,4,1,4,4,1,92,2,1,2,3,2,2090,2396,6,0,1,15,3,2,80,0,7,3,3,0,0,0,0,1
26,2,933,2,1,3,1,1,476,3,1,57,3,2,7,3,1,5296,20156,1,0,0,17,3,2,80,1,8,3,3,8,7,7,7,0
32,2,1401,2,4,2,1,1,330,3,0,56,3,1,8,2,1,3931,20990,2,0,0,11,3,1,80,1,6,5,3,4,3,1,2,0
34,2,790,2,24,4,3,1,1489,1,0,40,2,2,7,2,2,4599,7815,0,0,1,23,4,3,80,0,16,2,4,15,9,10,10,1
28,1,1009,1,1,3,3,1,1111,1,1,45,2,1,2,2,0,2596,7160,1,0,0,15,3,1,80,2,1,2,3,1,0,0,0,1
28,2,1475,2,13,2,2,1,1933,4,0,84,3,2,7,3,2,9854,23352,3,0,1,11,3,4,80,0,6,0,3,2,0,2,2,1
41,2,8020,2,9,1,1,1,176,3,1,96,3,3,7,3,0,8189,21196,3,0,1,13,3,3,80,1,12,2,3,9,7,0,7,0
37,1,8890,1,9,3,3,1,403,2,1,53,3,1,6,4,1,2326,11411,1,0,1,12,3,3,80,3,4,3,2,4,2,1,2,0
56,2,310,1,7,2,5,1,2032,4,1,72,3,1,2,3,1,2339,3666,8,0,0,11,3,4,80,1,14,4,1,10,9,9,8,1
41,1,143,2,4,3,2,1,488,1,1,56,3,2,7,2,2,9355,9558,1,0,0,18,3,3,80,0,8,5,3,8,7,7,7,1
44,2,935,1,3,3,1,1,1333,1,1,89,3,1,2,1,1,2362,14669,4,0,0,12,3,3,80,0,10,4,4,3,2,1,2,1
27,2,486,1,8,3,3,1,1647,2,0,86,4,1,6,3,1,3517,22490,7,0,0,17,3,1,80,0,5,0,3,3,2,0,2,0
35,2,1040,1,2,3,1,1,1569,1,0,69,3,1,2,1,0,2074,26619,1,0,1,12,3,4,80,1,1,2,3,1,0,0,0,1
22,1,1368,1,4,1,5,1,593,3,1,99,2,1,2,3,2,3894,9129,5,0,0,16,3,3,80,0,4,3,3,2,2,1,2,1
31,2,202,1,8,3,1,1,1433,1,0,34,2,1,6,2,2,1261,22262,1,0,0,12,3,3,80,0,1,3,4,1,0,0,0,1
42,1,4810,2,12,3,1,1,1167,3,1,44,3,4,7,1,2,13758,2447,0,0,1,12,3,2,80,0,22,2,2,21,9,13,14,1
25,2,240,2,5,3,2,1,142,3,1,46,2,2,7,3,2,5744,26959,1,0,1,11,3,4,80,0,6,1,3,6,4,0,3,1
36,2,885,1,16,4,1,1,1042,3,0,43,4,1,2,1,2,2743,8269,1,0,0,16,3,3,80,0,18,1,3,17,13,15,14,1
44,1,602,0,1,5,0,1,1642,1,1,37,3,2,1,4,1,5743,10503,4,0,1,11,3,3,80,0,14,3,3,10,7,0,2,0
48,1,708,2,7,2,3,1,1691,4,0,95,3,1,8,3,1,2655,11740,2,0,1,11,3,3,80,2,19,3,3,9,7,7,7,1
55,2,189,0,26,4,0,1,1973,3,1,71,4,5,3,2,1,19636,25811,4,0,1,18,3,1,80,1,35,0,3,10,9,1,4,0
32,1,1311,1,7,3,1,1,359,2,1,100,4,1,2,2,1,2794,26062,1,0,0,20,4,3,80,0,5,3,1,5,1,0,3,0
46,2,717,1,13,4,1,1,1727,3,1,34,3,2,0,2,2,5562,9697,6,0,0,14,3,4,80,0,19,3,3,10,7,0,9,0
33,2,603,2,9,4,2,1,1157,1,0,77,3,2,7,1,2,8224,18385,0,0,1,17,3,1,80,0,6,3,3,5,2,0,3,1
53,2,661,2,7,2,2,1,862,1,0,78,2,3,7,4,1,10934,20715,7,0,1,18,3,4,80,1,35,3,3,5,2,0,4,0
41,2,549,1,7,2,3,1,1025,4,0,42,3,2,4,3,2,5003,23371,6,0,0,14,3,2,80,0,8,6,3,2,2,2,1,0
35,2,144,1,22,3,1,1,577,4,1,46,1,1,2,3,2,4230,19225,0,0,0,15,3,3,80,0,6,2,3,5,4,4,3,0
33,2,813,1,14,3,3,1,325,3,1,58,3,1,2,4,1,2436,22149,5,0,1,13,3,3,80,1,8,2,1,5,4,0,4,1
42,0,335,1,23,2,1,1,1976,4,1,37,2,2,6,3,2,4332,14811,1,0,0,12,3,4,80,0,20,2,3,20,9,3,7,0
43,2,1372,2,9,3,2,1,1188,1,0,85,1,2,7,3,2,5346,9489,8,0,0,13,3,2,80,0,7,2,2,4,3,1,3,1
33,2,931,1,14,3,3,1,252,4,0,72,3,1,6,2,1,2756,4673,1,0,0,13,3,4,80,1,8,5,3,8,7,1,6,0
23,2,885,1,4,3,3,1,705,1,1,58,4,1,6,1,1,2819,8544,2,0,0,16,3,1,80,1,5,3,4,3,2,0,2,0
42,1,1368,1,28,4,5,1,551,4,0,88,2,2,0,4,1,4523,4386,0,0,0,11,3,4,80,3,7,4,4,6,5,0,4,0
38,2,168,1,1,3,1,1,743,3,0,81,3,3,4,3,2,7861,15397,4,0,1,14,3,4,80,0,10,4,4,1,0,0,0,0
26,2,950,2,4,4,2,1,401,4,1,48,2,2,7,4,2,5828,8450,1,0,1,12,3,2,80,0,8,0,3,8,7,7,4,1
20,2,1362,1,10,1,3,1,701,4,1,32,3,1,6,3,2,1009,26999,1,0,1,11,3,4,80,0,1,5,3,1,0,1,1,1
20,1,769,2,9,3,2,1,1077,4,0,54,3,1,8,4,2,2323,17205,1,0,1,14,3,2,80,0,2,3,3,2,2,0,2,1
40,2,575,2,22,2,2,1,492,3,1,68,2,2,7,3,1,6380,6110,2,0,1,12,3,1,80,2,8,6,3,6,4,1,0,1
39,2,117,1,10,1,3,1,429,3,1,99,3,4,3,1,1,17068,5355,1,0,1,14,3,4,80,0,21,3,3,21,9,11,10,0
26,2,1066,1,20,2,3,1,1018,4,1,32,4,2,4,4,1,5472,3334,1,0,0,12,3,2,80,0,8,2,3,8,7,1,3,0
46,2,377,2,9,3,2,1,1457,1,1,52,3,3,7,4,0,10096,15986,4,0,0,11,3,1,80,1,28,1,4,7,7,4,3,1
19,2,528,2,22,1,2,1,167,4,1,50,3,1,8,3,2,1675,26820,1,0,1,19,3,4,80,0,0,2,2,0,0,0,0,1
26,1,921,1,1,1,3,1,1068,1,0,66,2,1,6,3,0,2007,25265,1,0,0,13,3,3,80,2,5,5,3,5,3,1,3,0
31,2,828,2,2,1,1,1,604,2,1,77,3,2,7,4,2,6582,8346,4,0,1,13,3,3,80,0,10,2,4,6,5,0,5,0
35,2,607,1,9,3,1,1,880,4,0,66,2,3,4,3,1,10685,23457,1,0,1,20,4,2,80,1,17,2,3,17,14,5,15,0
29,2,10920,1,10,4,3,1,2027,1,1,36,3,1,6,4,1,4787,26124,9,0,1,14,3,2,80,3,4,3,4,2,2,2,2,1
38,2,849,1,25,2,1,1,421,1,0,81,2,3,5,2,1,12061,26707,3,0,0,17,3,3,80,1,19,2,3,10,8,0,1,0
29,2,468,1,28,4,3,1,2054,4,0,73,2,1,6,1,2,3785,8489,1,0,0,14,3,2,80,0,5,3,1,5,4,0,4,0
28,2,1434,1,5,4,5,1,65,3,1,50,3,1,2,3,2,3441,11179,1,0,1,13,3,3,80,0,2,3,2,2,2,2,2,1
27,1,472,1,1,1,5,1,274,3,1,60,2,2,4,1,1,4298,9679,5,0,0,19,3,3,80,1,6,1,3,2,2,2,0,0
45,2,193,1,6,4,4,1,101,4,1,52,3,3,5,1,1,13245,15067,4,0,1,14,3,2,80,0,17,3,4,0,0,0,0,0
47,2,983,1,2,2,3,1,574,1,0,65,3,2,4,4,0,5070,7389,5,0,0,13,3,3,80,3,20,2,3,5,0,0,4,0
32,2,1089,1,7,2,1,1,1309,4,1,79,3,2,2,3,1,4883,22845,1,0,0,18,3,1,80,1,10,3,3,10,4,1,1,1
32,2,128,1,2,1,5,1,362,4,1,84,2,2,2,1,2,2176,19737,4,0,0,13,3,4,80,0,9,5,3,6,2,0,4,0
29,2,1401,1,6,1,3,1,1192,2,0,54,3,1,2,4,1,3131,26342,1,0,0,13,3,1,80,1,10,5,3,10,8,0,8,0
43,2,589,1,14,2,1,1,843,2,1,94,3,4,5,1,1,17159,5200,6,0,0,24,4,3,80,1,22,3,3,4,1,1,0,0
24,0,1269,1,4,1,1,1,888,1,1,46,2,1,2,4,1,3162,10778,0,0,0,17,3,4,80,0,6,2,2,5,2,3,4,0
33,0,775,1,4,3,5,1,1771,4,1,90,3,2,6,2,0,3055,6194,5,0,0,15,3,4,80,2,11,2,2,9,8,1,7,0
36,2,557,2,3,3,3,1,2024,1,0,94,2,3,7,4,1,7644,12695,0,0,0,19,3,3,80,2,10,2,3,9,7,3,4,0
30,0,1116,1,2,3,3,1,571,3,0,49,3,1,2,4,2,2564,7181,0,0,0,14,3,3,80,0,12,2,2,11,7,6,7,0
53,2,1084,1,13,2,3,1,250,4,0,57,4,2,4,1,0,4450,26250,1,0,0,11,3,3,80,2,5,3,3,4,2,1,3,0
39,2,1462,2,6,3,3,1,1588,4,1,38,4,3,7,3,1,8237,4658,2,0,0,11,3,1,80,1,11,3,3,7,6,7,6,0
31,2,249,2,6,4,1,1,163,2,1,76,1,2,7,3,1,6172,20739,4,0,1,18,3,2,80,0,12,3,2,7,7,7,7,1
25,2,867,2,190,2,2,1,952,3,1,36,2,1,8,2,1,2413,18798,1,0,1,18,3,3,80,3,1,2,3,1,0,0,0,1
60,2,696,2,7,4,2,1,1233,2,1,52,4,2,7,4,0,5220,10893,0,0,1,18,3,2,80,1,12,3,3,11,7,1,9,0
24,1,1287,1,7,3,1,1,647,1,0,55,3,1,2,3,1,2886,14168,1,0,1,16,3,4,80,1,6,4,3,6,3,1,2,1
40,2,611,2,7,4,3,1,1740,2,1,88,3,5,3,2,2,19833,4349,1,0,0,14,3,2,80,0,21,3,2,21,8,12,8,0
25,2,9590,2,28,3,1,1,183,1,1,41,2,2,7,3,1,8639,24835,2,0,0,18,3,4,80,0,6,3,3,2,2,2,2,0
32,2,824,1,5,2,1,1,1555,4,0,67,2,2,6,2,1,5878,15624,3,0,0,12,3,1,80,1,12,2,3,7,1,2,5,0
25,2,883,2,260,1,3,1,781,3,0,32,3,2,7,4,2,6180,22807,1,0,0,23,4,2,80,0,6,5,2,6,5,1,4,0
38,2,903,1,2,3,3,1,1573,3,1,81,3,2,4,2,1,4855,7653,4,0,0,11,3,1,80,2,7,2,3,5,2,1,4,1
40,2,444,2,2,2,2,1,1986,2,0,92,3,2,7,2,1,5677,4258,3,0,0,14,3,3,80,1,15,4,3,11,8,5,10,0
47,1,1093,2,9,3,1,1,1716,3,1,82,1,4,7,3,1,12936,24164,7,0,0,11,3,3,80,0,25,3,1,23,5,14,10,1
28,1,289,1,2,2,3,1,1504,3,1,38,2,1,2,1,2,2561,5355,7,0,0,11,3,3,80,0,8,2,2,0,0,0,0,1
34,2,479,1,7,4,3,1,1577,1,1,35,3,1,6,4,2,2972,22061,1,0,0,13,3,3,80,0,1,4,1,1,0,0,0,0
21,2,156,2,12,3,1,1,494,3,0,90,4,1,8,2,2,2716,25422,1,0,0,15,3,4,80,0,1,0,3,1,0,0,0,1
50,2,1046,1,10,3,5,1,491,4,1,100,2,3,0,4,2,10496,2755,6,0,0,15,3,4,80,0,20,2,3,4,3,1,3,0
46,2,488,2,20,3,5,1,363,3,0,75,1,4,3,2,1,16872,14977,3,0,1,12,3,2,80,1,28,2,2,7,7,7,7,0
29,1,806,1,1,4,1,1,710,2,1,76,1,1,6,4,0,2720,18959,1,0,0,18,3,4,80,1,10,5,3,10,7,2,8,0
31,2,1232,1,7,4,3,1,462,3,0,39,3,3,4,4,2,7143,25713,1,0,1,14,3,3,80,0,11,2,2,11,9,4,10,0
46,2,1402,2,2,3,2,1,1204,3,0,69,3,4,3,1,1,17048,24097,8,0,0,23,4,1,80,0,28,2,3,26,15,15,9,0
42,1,933,1,19,3,3,1,752,3,1,57,4,1,6,3,0,2759,20366,6,0,1,12,3,4,80,0,7,2,3,2,2,2,2,1
28,2,890,1,2,4,3,1,828,3,1,46,3,1,6,3,2,4382,16374,6,0,0,17,3,4,80,0,5,3,2,2,2,2,1,1
27,2,135,1,17,4,1,1,1405,4,0,51,3,1,6,3,2,2394,25681,1,0,1,13,3,4,80,0,8,2,3,8,2,7,7,1
34,2,1107,0,9,4,5,1,1467,1,0,52,3,1,1,3,1,2742,3072,1,0,0,15,3,4,80,0,2,0,3,2,2,2,2,1
38,2,362,1,1,1,1,1,662,3,0,43,3,1,6,1,2,2619,14561,3,0,0,17,3,4,80,0,8,3,2,0,0,0,0,0
32,2,646,1,9,4,1,1,679,1,0,92,3,2,6,4,1,6322,18089,1,0,1,12,3,4,80,1,6,2,2,6,4,0,5,0
33,2,527,1,1,4,4,1,780,4,1,63,3,1,6,4,2,2686,5207,1,0,1,13,3,3,80,0,10,2,2,10,9,7,8,1
33,2,587,1,10,1,3,1,584,1,1,38,1,1,2,4,0,3408,6705,7,0,0,13,3,1,80,3,8,2,3,4,3,1,3,1
29,2,350,0,13,3,0,1,1844,1,1,56,2,1,1,1,0,2335,3157,4,0,1,15,3,4,80,3,4,3,3,2,2,2,0,1
35,1,944,2,1,3,2,1,314,3,0,92,3,3,7,3,2,8789,9096,1,0,0,14,3,1,80,0,10,3,4,10,7,0,8,0
29,2,805,1,1,2,1,1,816,2,0,36,2,1,2,1,1,2319,6689,1,0,1,11,3,4,80,1,1,1,3,1,0,0,0,1
29,2,408,2,23,1,1,1,1165,4,0,45,2,3,7,1,1,7336,11162,1,0,0,13,3,1,80,1,11,3,1,11,8,3,10,1
31,1,1125,2,7,4,2,1,1833,1,0,68,3,3,7,1,1,9637,8277,2,0,0,14,3,4,80,2,9,3,3,3,2,2,2,0
23,2,427,2,70,3,1,1,1702,3,1,99,3,1,8,4,0,2275,25103,1,0,1,21,4,2,80,1,3,2,3,3,2,0,2,1
34,2,1320,1,20,3,5,1,1265,3,0,89,4,1,6,3,1,2585,21643,0,0,0,17,3,4,80,0,2,5,2,1,0,0,0,0
23,2,1320,1,8,1,3,1,1684,4,1,93,2,1,2,3,2,3989,20586,1,0,1,11,3,1,80,0,5,2,3,5,4,1,2,1
37,2,446,1,1,4,1,1,635,2,0,65,3,2,4,2,1,6447,15701,6,0,0,12,3,2,80,1,8,2,2,6,5,4,3,0
56,2,718,1,4,4,5,1,1191,4,0,92,3,5,3,1,0,19943,18575,4,0,0,13,3,4,80,1,28,2,3,5,2,4,2,0
24,2,240,0,220,1,0,1,1714,4,1,58,1,1,1,3,1,1555,11585,1,0,0,11,3,3,80,1,1,2,3,1,0,0,0,1
50,2,854,2,1,4,3,1,323,4,0,68,3,5,3,4,0,19517,24118,3,0,0,11,3,3,80,1,32,3,2,7,0,0,6,0
36,2,1040,1,3,2,1,1,1664,4,1,79,4,2,0,1,0,6842,26308,6,0,0,20,4,1,80,1,13,3,3,5,4,0,4,0
31,1,1060,2,1,3,1,1,1331,4,0,54,3,1,8,2,2,2302,8319,1,0,1,11,3,1,80,0,3,2,4,3,2,2,2,1
55,2,725,1,2,3,3,1,787,4,1,78,3,5,3,1,1,19859,21199,5,0,1,13,3,4,80,1,24,2,3,5,2,1,4,1
40,2,750,1,12,3,1,1,1829,2,0,47,3,2,0,1,0,4448,10748,2,0,0,12,3,2,80,1,15,3,3,7,4,7,7,0
37,2,977,1,1,3,1,1,1196,4,0,56,2,2,4,4,1,6474,9961,1,0,0,13,3,2,80,1,14,2,2,14,8,3,11,0
33,1,1076,1,3,3,1,1,702,1,1,70,3,1,6,1,2,3348,3164,1,0,1,11,3,1,80,0,10,3,3,10,8,9,7,1
31,1,798,1,7,2,1,1,442,3,0,48,2,3,4,3,1,8943,14034,1,0,0,24,4,1,80,1,10,2,3,10,9,8,9,0
31,2,670,1,26,1,1,1,16,1,1,31,3,1,6,3,0,2911,15170,1,0,0,17,3,4,80,1,5,1,2,5,2,4,3,0
35,2,735,1,6,1,1,1,1291,3,1,66,3,1,6,3,1,3506,6020,0,0,1,14,3,4,80,0,4,3,3,3,2,2,2,0
44,2,1376,0,1,2,3,1,1098,2,1,91,2,3,1,1,1,10482,2326,9,0,0,14,3,4,80,1,24,1,3,20,6,3,6,1
32,2,267,1,29,4,1,1,2010,3,0,49,2,1,2,2,2,2837,15919,1,0,0,13,3,3,80,0,6,3,3,6,2,4,1,0
36,2,318,1,9,3,3,1,90,4,1,79,2,1,6,3,1,3388,21777,0,0,1,17,3,1,80,1,2,0,2,1,0,0,0,1
36,2,1456,2,13,5,2,1,1733,2,1,96,2,2,7,1,0,6134,8658,5,0,1,13,3,2,80,3,16,3,3,2,2,2,2,1
41,2,483,1,6,3,3,1,466,4,1,95,2,2,4,2,2,6032,10110,6,0,1,15,3,4,80,0,8,3,3,5,4,1,2,0
30,2,1082,2,12,3,5,1,533,2,0,83,3,2,7,3,2,6577,19558,0,0,0,11,3,2,80,0,6,6,3,5,4,4,4,0
53,2,238,2,1,1,3,1,682,4,0,34,3,2,7,1,2,8381,7507,7,0,0,20,4,4,80,0,18,2,4,14,7,8,10,0
35,2,750,1,28,3,1,1,1596,2,1,46,4,2,2,3,1,3407,25348,1,0,0,17,3,4,80,2,10,3,2,10,9,6,8,0
29,2,1396,2,10,3,1,1,749,3,1,99,3,1,8,3,2,2642,2755,1,0,0,11,3,3,80,0,1,6,3,1,0,0,0,0
48,2,1108,1,15,4,4,1,1576,3,0,65,3,1,6,1,1,2367,16530,8,0,0,12,3,4,80,1,10,3,2,8,2,7,6,0
51,1,1150,1,8,4,1,1,179,1,1,53,1,3,4,4,2,10650,25150,2,0,0,15,3,4,80,0,18,2,3,4,2,0,3,1
38,1,508,1,6,4,1,1,1997,1,1,72,2,2,4,3,1,5321,14284,2,0,0,11,3,4,80,1,10,1,3,8,3,7,7,0
30,2,231,2,8,2,4,1,982,3,1,62,3,3,7,3,0,7264,9977,5,0,0,11,3,1,80,1,10,2,4,8,4,7,7,0
33,1,508,2,10,3,2,1,446,2,1,46,2,2,7,4,2,4682,4317,3,0,0,14,3,3,80,0,9,6,2,7,7,0,1,0
29,1,459,1,24,2,1,1,1868,4,1,73,2,1,6,4,2,2439,14753,1,0,1,24,4,2,80,0,1,3,2,1,0,1,0,1
30,2,945,2,9,3,3,1,1876,2,1,89,3,1,8,4,2,1081,16019,1,0,0,13,3,3,80,0,1,3,2,1,0,0,0,1
19,2,11810,1,3,1,3,1,201,2,0,79,3,1,2,2,2,1483,16102,1,0,0,14,3,4,80,0,1,3,3,1,0,0,0,0
28,2,529,1,2,4,1,1,364,1,1,79,3,1,2,3,2,3485,14935,2,0,0,11,3,3,80,0,5,5,1,0,0,0,0,1
46,2,669,2,9,2,3,1,118,3,1,64,2,3,7,4,2,9619,13596,1,0,0,16,3,4,80,0,9,3,3,9,8,4,7,1
33,2,575,1,25,3,1,1,1545,4,1,44,2,2,4,2,2,4320,24152,1,0,0,13,3,4,80,0,5,2,3,5,3,0,2,0
26,2,1330,1,21,3,3,1,1107,1,1,37,3,1,2,3,0,2377,19373,1,0,0,20,4,3,80,1,1,0,2,1,1,0,0,1
50,2,869,2,3,2,2,1,47,1,1,86,2,1,8,3,1,2683,3810,1,0,1,14,3,3,80,0,3,2,3,3,2,0,2,1
26,2,1349,1,23,3,1,1,560,1,0,90,3,1,6,4,0,2886,3032,1,0,0,22,4,2,80,2,3,3,1,3,2,0,2,0
35,2,737,2,10,3,3,1,1639,4,1,55,2,3,7,1,1,10306,21530,9,0,0,17,3,3,80,0,15,3,3,13,12,6,0,1
18,2,230,1,3,3,1,1,405,3,1,54,3,1,2,3,2,1420,25233,1,0,0,13,3,3,80,0,0,2,3,0,0,0,0,1
31,2,330,1,22,4,3,1,1389,4,1,98,3,2,4,3,1,6179,21057,1,0,1,15,3,4,80,2,10,3,2,10,2,6,7,1
29,1,746,2,24,3,5,1,1928,3,1,45,4,1,8,1,2,1091,10642,1,0,0,17,3,4,80,0,1,3,3,1,0,0,0,1
38,2,343,1,15,2,1,1,461,3,1,92,2,3,5,4,0,11510,15682,0,0,1,14,3,2,80,1,12,3,3,11,10,2,9,0
39,2,867,1,9,2,3,1,1936,1,1,87,3,2,4,1,1,5151,12315,1,0,0,25,4,4,80,1,10,3,3,10,0,7,9,0
26,2,1146,2,8,3,5,1,796,4,1,38,2,2,7,1,2,5326,3064,6,0,0,17,3,3,80,0,6,2,2,4,3,1,2,1
28,2,1179,1,19,4,3,1,1216,4,1,78,2,1,2,1,1,3196,12449,1,0,0,12,3,3,80,3,6,2,3,6,5,3,3,0
34,0,697,1,3,4,1,1,1115,3,1,40,2,1,6,4,1,2979,22478,3,0,0,17,3,4,80,3,6,2,3,0,0,0,0,0
34,2,182,1,1,4,1,1,797,2,0,72,4,1,6,4,2,3280,13551,2,0,0,16,3,3,80,0,10,2,3,4,2,1,3,0
24,2,1353,2,3,2,4,1,128,1,0,33,3,2,7,3,1,4999,17519,0,0,0,21,4,1,80,1,4,2,2,3,2,0,2,0
37,2,625,2,1,4,1,1,970,1,1,46,2,3,7,3,1,10609,14922,5,0,0,11,3,3,80,0,17,2,1,14,1,11,7,1
21,2,13340,1,10,3,1,1,1079,3,0,36,2,1,2,1,2,1416,17258,1,0,0,13,3,1,80,0,1,6,2,1,0,1,0,1
29,0,746,2,2,3,1,1,469,4,1,61,3,2,7,3,1,4649,16928,1,0,0,14,3,1,80,1,4,3,2,4,3,0,2,0
33,2,118,2,16,3,2,1,819,1,0,69,3,2,7,1,2,5324,26507,5,0,0,15,3,3,80,0,6,3,3,3,2,0,2,1
39,1,505,1,2,4,5,1,343,3,0,64,3,3,0,3,2,10938,6420,0,0,0,25,4,4,80,0,20,1,3,19,6,11,8,0
33,1,553,1,5,4,1,1,428,4,0,74,3,3,3,2,1,11878,23364,6,0,0,11,3,2,80,2,12,2,3,10,6,8,8,0
18,1,1306,2,5,3,2,1,614,2,1,69,3,1,8,2,2,1878,8059,1,0,1,14,3,4,80,0,0,3,3,0,0,0,0,1
37,2,161,1,10,3,1,1,2017,3,0,42,4,3,5,4,1,13744,15471,1,0,1,25,4,1,80,1,16,2,3,16,11,6,8,0
38,2,1261,1,2,4,1,1,271,4,1,88,3,2,4,3,1,6553,7259,9,0,0,14,3,2,80,0,14,3,3,1,0,0,0,0
22,2,6170,1,3,1,1,1,926,2,0,34,3,2,4,3,1,4171,10022,0,0,1,19,3,1,80,1,4,3,4,3,2,0,2,1
18,1,544,2,3,2,3,1,1624,2,0,70,3,1,8,4,2,1569,18420,1,0,1,12,3,3,80,0,0,2,4,0,0,0,0,1
40,2,1194,1,2,4,3,1,2051,3,0,98,3,1,6,3,1,2001,12549,2,0,0,14,3,2,80,3,20,2,3,5,3,0,2,0
33,2,1277,1,15,1,3,1,582,2,1,56,3,3,3,3,1,13610,24619,7,0,1,12,3,4,80,0,15,2,4,7,6,7,7,1
35,1,1199,1,18,4,1,1,2049,3,1,80,3,2,0,3,1,5689,24594,1,0,1,14,3,4,80,2,10,2,4,10,2,0,2,0
35,1,853,2,18,5,1,1,74,2,1,71,3,3,7,1,1,9069,11031,1,0,0,22,4,4,80,1,9,3,2,9,8,1,8,0
36,2,1174,2,3,4,2,1,1425,1,0,99,3,2,7,2,2,9278,20763,3,0,1,16,3,4,80,0,15,3,3,5,4,0,1,0
30,2,855,2,7,4,2,1,1428,4,0,73,3,2,7,1,0,4779,12761,7,0,0,14,3,2,80,2,8,3,3,3,2,0,2,0
21,1,756,2,10,1,5,1,478,1,0,99,2,1,8,2,2,2174,9150,1,0,1,11,3,3,80,0,3,3,3,3,2,1,2,1
39,2,722,2,24,1,2,1,2056,2,0,60,2,4,7,4,1,12031,8828,0,0,0,11,3,1,80,1,21,2,2,20,9,9,6,0
28,2,103,1,24,3,1,1,19,3,1,50,2,1,2,3,2,2028,12947,5,0,1,14,3,2,80,0,6,4,3,4,2,0,3,1
29,2,352,0,6,1,3,1,1865,4,1,87,2,1,1,2,1,2804,15434,1,0,0,11,3,4,80,0,1,3,3,1,0,0,0,0
44,2,621,1,15,3,3,1,1295,1,0,73,3,3,0,4,1,7978,14075,1,0,0,11,3,4,80,1,10,2,3,10,7,0,5,1
33,1,1296,1,6,3,1,1,692,3,1,30,3,2,0,4,0,7725,5335,3,0,0,23,4,3,80,1,15,2,1,13,11,4,7,0
40,2,1171,1,10,4,1,1,483,4,0,46,4,1,2,3,1,2213,22495,3,0,1,13,3,3,80,1,10,3,3,7,7,1,7,0
33,1,1303,1,7,2,1,1,1970,4,1,36,3,2,0,3,0,5968,18079,1,0,0,20,4,3,80,3,9,2,3,9,7,2,8,0
29,2,806,1,7,3,5,1,1299,2,0,39,3,1,2,3,0,3339,17285,3,0,1,13,3,1,80,2,10,2,3,7,7,7,7,1
34,2,1303,1,2,4,1,1,579,4,1,62,2,1,6,3,0,2768,8416,3,0,0,12,3,3,80,1,14,3,3,7,3,5,7,0
32,2,374,1,25,4,1,1,911,1,1,87,3,1,2,4,2,2795,18016,1,0,1,24,4,3,80,0,1,2,1,1,0,0,1,1
35,2,672,1,25,3,5,1,899,4,1,78,2,3,4,2,1,10903,9129,3,0,0,16,3,1,80,0,16,2,3,13,10,4,8,0
33,2,589,1,28,4,1,1,1549,2,1,79,3,2,2,3,1,5207,22949,1,0,1,12,3,2,80,1,15,3,3,15,14,5,7,0
31,2,1365,2,13,4,3,1,650,2,1,46,3,2,7,1,0,4233,11512,2,0,0,17,3,3,80,0,9,2,1,3,1,1,2,1
22,2,1136,1,5,3,1,1,284,4,1,60,4,1,6,2,0,2328,12392,1,0,1,16,3,1,80,1,4,2,2,4,2,2,2,0
26,1,887,1,5,2,3,1,848,3,0,88,2,1,6,3,1,2366,20898,1,0,1,14,3,1,80,1,8,2,3,8,7,1,7,1
50,2,1207,1,28,1,3,1,716,4,1,74,4,1,2,3,1,3221,3297,1,0,1,11,3,3,80,3,20,3,3,20,8,3,8,0
35,0,208,1,8,4,1,1,1630,3,0,52,3,2,0,3,1,4148,12250,1,0,0,12,3,4,80,1,15,5,3,14,11,2,9,0
26,2,471,1,24,3,5,1,622,3,1,66,1,1,2,4,2,2340,23213,1,0,1,18,3,2,80,0,1,3,1,1,0,0,0,1
49,1,1475,1,28,2,1,1,1420,1,1,97,2,2,2,1,2,4284,22710,3,0,0,20,4,1,80,0,20,2,3,4,3,1,3,1
34,2,258,2,21,4,1,1,621,4,1,74,4,2,7,4,2,5337,19921,1,0,0,12,3,4,80,0,10,3,3,10,7,5,7,0
32,2,414,2,20,4,2,1,1862,3,1,82,2,2,7,2,2,9907,26186,7,0,1,12,3,3,80,0,7,3,2,2,2,2,2,1
30,2,10050,1,3,3,5,1,297,4,0,88,3,1,6,1,2,2657,8556,5,0,1,11,3,3,80,0,8,5,3,5,2,0,4,1
27,1,1337,0,22,3,0,1,1944,1,0,58,2,1,1,2,1,2863,19555,1,0,0,12,3,1,80,0,1,2,3,1,0,0,0,1
19,2,303,1,2,3,1,1,243,2,1,47,2,1,2,4,2,1102,9241,1,0,0,22,4,3,80,0,1,3,2,1,0,1,0,1
55,2,692,1,14,4,3,1,254,3,1,61,4,5,5,2,2,18722,13339,8,0,0,11,3,4,80,0,36,3,3,24,15,2,15,0
55,2,1311,1,2,3,1,1,505,3,0,97,3,4,3,4,2,16659,23258,2,0,1,13,3,3,80,0,30,2,3,5,4,1,2,0
29,2,1107,1,28,4,1,1,1120,3,0,93,3,1,6,4,0,2514,26968,4,0,0,22,4,1,80,1,11,1,3,7,5,1,7,0
30,1,464,1,4,3,5,1,514,3,1,40,3,1,6,4,2,2285,3427,9,0,1,23,4,3,80,0,3,4,3,1,0,0,0,1
18,0,247,1,8,1,3,1,1156,3,1,80,3,1,2,3,2,1904,13556,1,0,0,12,3,4,80,0,0,0,3,0,0,0,0,1
46,2,705,2,2,4,2,1,38,2,0,83,3,5,3,1,2,18947,22822,3,0,0,12,3,4,80,0,22,2,2,2,2,2,1,0
36,0,217,1,18,4,1,1,1133,1,1,78,3,2,4,4,2,7779,23238,2,0,0,20,4,1,80,0,18,0,3,11,9,0,9,0
41,2,548,1,9,4,1,1,1772,3,1,94,3,1,2,1,0,2289,20520,1,0,0,20,4,2,80,2,5,2,3,5,3,0,4,0
39,2,1162,2,3,2,3,1,445,4,0,41,3,2,7,3,1,5238,17778,4,0,1,18,3,1,80,0,12,3,2,1,0,0,0,1
45,2,1268,2,4,2,1,1,240,3,0,30,3,2,7,1,0,5006,6319,4,0,1,11,3,1,80,1,9,3,4,5,4,0,3,0
31,2,1112,2,5,4,1,1,1673,1,0,67,3,2,7,4,1,5476,22589,1,0,0,11,3,1,80,2,10,2,3,10,0,0,2,0
20,2,727,2,9,1,1,1,1680,4,1,54,3,1,8,1,2,2728,21082,1,0,0,11,3,1,80,0,2,3,3,2,2,0,2,0
32,2,964,2,1,2,1,1,1734,1,1,34,1,2,7,2,2,6735,12147,6,0,0,15,3,2,80,0,10,2,3,0,0,0,0,1
27,2,1167,1,4,2,1,1,1259,1,1,76,3,1,6,3,0,2517,3208,1,0,0,11,3,2,80,3,5,2,3,5,3,0,3,0
33,1,970,2,7,3,1,1,1114,4,0,30,3,2,7,2,1,4302,13401,0,0,0,17,3,3,80,1,4,3,3,3,2,0,2,0
37,2,370,1,10,4,3,1,1809,4,1,58,3,2,4,1,2,4213,4992,1,0,0,15,3,2,80,0,10,4,1,10,3,0,8,1
37,0,142,2,9,4,3,1,626,1,1,69,3,3,7,2,0,8834,24666,1,0,0,13,3,4,80,1,9,6,3,9,5,7,7,0
29,2,906,1,10,3,1,1,994,4,0,92,2,1,6,1,2,2404,11479,6,0,1,20,4,3,80,0,3,5,3,0,0,0,0,1
29,2,408,1,25,5,5,1,565,3,0,71,2,1,6,2,1,2546,18300,5,0,0,16,3,2,80,0,6,2,4,2,2,1,1,1
26,1,496,1,11,2,3,1,390,1,1,60,3,2,0,1,1,4741,22722,1,0,1,13,3,3,80,1,5,3,3,5,3,3,3,0
21,1,2510,1,10,2,1,1,1279,1,0,45,2,1,2,3,2,2625,25308,1,0,0,20,4,3,80,0,2,2,1,2,2,2,2,1
33,2,211,2,16,3,1,1,1758,1,0,74,3,3,7,1,2,8564,10092,2,0,1,20,4,3,80,0,11,2,2,0,0,0,0,1
24,2,984,1,17,2,1,1,1219,4,0,97,3,1,2,2,1,2210,3372,1,0,0,13,3,1,80,1,1,3,1,1,0,0,0,1
31,2,359,0,18,5,0,1,1842,4,1,89,4,1,1,1,1,2956,21495,0,0,0,17,3,3,80,0,2,4,3,1,0,0,0,1
44,2,1097,1,10,4,1,1,1200,3,1,96,3,1,6,3,2,2936,10826,1,0,1,11,3,3,80,0,6,4,3,6,4,0,2,1
39,1,711,1,4,3,3,1,1633,1,0,81,3,2,4,3,2,5042,3140,0,0,0,13,3,4,80,0,10,2,1,9,2,3,8,0
38,2,1206,1,9,2,1,1,1940,2,1,71,3,1,6,4,0,4771,14293,2,0,0,19,3,4,80,2,10,0,4,5,2,0,3,0
31,1,523,1,2,3,1,1,1464,2,1,94,3,1,2,4,1,3722,21081,6,0,1,13,3,3,80,1,7,2,1,2,2,2,2,1
34,1,296,2,6,2,2,1,555,4,0,33,1,1,8,3,0,2351,12253,0,0,0,16,3,4,80,1,3,3,2,2,2,1,0,1
29,2,1329,1,7,3,1,1,1260,3,1,82,3,2,0,4,0,6623,4204,1,0,1,11,3,2,80,2,6,2,3,6,0,1,0,0
46,2,1254,2,10,3,1,1,1869,3,0,64,3,3,7,2,1,7314,14011,5,0,0,21,4,3,80,3,14,2,3,8,7,0,7,1
41,2,465,1,14,3,1,1,227,1,1,56,3,1,6,3,0,2451,4609,4,0,0,12,3,1,80,1,13,2,3,9,8,1,8,0
